,character
0,穿
1,弥
2,言
3,裂
4,傅
5,彬
6,锻
7,熄
8,骇
9,勘
10,舟
11,老
12,呜
13,三
14,寞
15,唾
16,豆
17,盒
18,挚
19,答
20,坠
21,丈
22,尿
23,羡
24,帝
25,摧
26,孕
27,城
28,亏
29,谱
30,搏
31,稼
32,四
33,堕
34,产
35,婉
36,救
37,蝇
38,勺
39,巧
40,轴
41,铸
42,铭
43,填
44,摆
45,免
46,倡
47,牵
48,甩
49,孪
50,夷
51,蹲
52,似
53,宇
54,蔓
55,吹
56,载
57,帜
58,任
59,佣
60,凡
61,努
62,径
63,瞻
64,称
65,稳
66,虚
67,粉
68,鬼
69,趣
70,饿
71,厕
72,疏
73,丫
74,虾
75,顶
76,遵
77,妒
78,腕
79,漏
80,拍
81,裹
82,虫
83,庞
84,瞬
85,盆
86,茄
87,逞
88,收
89,扛
90,晚
91,役
92,觉
93,酗
94,鹤
95,阿
96,砌
97,沮
98,爪
99,套
100,熟
101,灶
102,掘
103,愁
104,志
105,约
106,臣
107,略
108,肤
109,肌
110,碎
111,止
112,怨
113,咱
114,毛
115,抑
116,帽
117,横
118,宰
119,蓝
120,烧
121,棒
122,际
123,泌
124,锐
125,虑
126,世
127,扩
128,虹
129,慎
130,丘
131,劲
132,布
133,公
134,痕
135,瞧
136,平
137,记
138,捕
139,屈
140,歌
141,婆
142,党
143,存
144,高
145,晰
146,勋
147,毙
148,译
149,慰
150,继
151,暮
152,磋
153,减
154,蔑
155,作
156,灵
157,搬
158,滥
159,渴
160,躲
161,殃
162,郎
163,欠
164,献
165,链
166,腺
167,员
168,昆
169,位
170,观
171,屑
172,认
173,够
174,吨
175,鄙
176,铁
177,缉
178,人
179,感
180,逗
181,薯
182,排
183,赞
184,攀
185,伐
186,期
187,胡
188,翠
189,朽
190,扣
191,心
192,鲨
193,资
194,澡
195,凳
196,牡
197,缝
198,玄
199,藤
200,湾
201,果
202,屏
203,部
204,惧
205,愿
206,亭
207,无
208,物
209,垃
210,徒
211,虐
212,抽
213,缘
214,派
215,简
216,灼
217,押
218,蛙
219,累
220,巫
221,逆
222,核
223,仲
224,喻
225,乐
226,鸡
227,级
228,筛
229,慌
230,气
231,固
232,卦
233,柏
234,仇
235,构
236,笼
237,憾
238,江
239,惯
240,岂
241,扑
242,柿
243,处
244,尖
245,组
246,盾
247,旗
248,见
249,刮
250,权
251,属
252,面
253,般
254,杜
255,汁
256,八
257,玻
258,医
259,哺
260,综
261,消
262,徐
263,垄
264,戳
265,予
266,突
267,侍
268,欢
269,灭
270,请
271,酒
272,几
273,多
274,察
275,戈
276,米
277,嘛
278,裔
279,茶
280,禾
281,弟
282,闲
283,钧
284,由
285,杆
286,潮
287,丙
288,钉
289,鹅
290,阵
291,又
292,邻
293,膨
294,倦
295,擎
296,状
297,屠
298,绕
299,肝
300,挖
301,弊
302,脊
303,鸭
304,意
305,膝
306,鸟
307,担
308,稍
309,咨
310,籍
311,锤
312,仙
313,谤
314,识
315,膏
316,拽
317,概
318,客
319,姓
320,粽
321,贵
322,狱
323,嘲
324,滩
325,菩
326,荷
327,虽
328,乒
329,例
330,润
331,兰
332,允
333,凑
334,亩
335,命
336,法
337,境
338,室
339,歉
340,半
341,描
342,龄
343,炒
344,峰
345,赡
346,遂
347,蹈
348,哑
349,营
350,酵
351,播
352,梦
353,千
354,念
355,金
356,稻
357,渗
358,槛
359,尽
360,守
361,警
362,毅
363,饰
364,愚
365,网
366,份
367,羞
368,枪
369,怖
370,痹
371,窄
372,职
373,礼
374,流
375,怪
376,暖
377,看
378,帘
379,峙
380,弓
381,铝
382,肠
383,惊
384,兜
385,第
386,这
387,水
388,隐
389,簇
390,伪
391,责
392,旭
393,很
394,桂
395,诊
396,九
397,皮
398,育
399,肖
400,冻
401,旦
402,惋
403,凝
404,书
405,绵
406,赤
407,叔
408,痰
409,亲
410,笨
411,宿
412,聪
413,雨
414,握
415,盐
416,么
417,泉
418,询
419,偷
420,瘟
421,死
422,赛
423,犹
424,纬
425,髓
426,啸
427,搁
428,语
429,寸
430,神
431,赶
432,谴
433,沧
434,键
435,当
436,催
437,辨
438,揭
439,睁
440,买
441,瞎
442,融
443,滔
444,父
445,斥
446,陌
447,誉
448,启
449,临
450,咙
451,晴
452,切
453,失
454,爸
455,猫
456,耀
457,筷
458,去
459,毯
460,骤
461,计
462,劈
463,儒
464,但
465,饱
466,璃
467,屿
468,揽
469,徘
470,椅
471,缸
472,遥
473,委
474,隶
475,迹
476,拱
477,迭
478,圣
479,叙
480,披
481,闺
482,得
483,胆
484,贷
485,稿
486,邮
487,曲
488,饭
489,畴
490,吏
491,朋
492,电
493,崭
494,快
495,诚
496,辆
497,掌
498,况
499,衅
500,颂
501,取
502,币
503,陡
504,躺
505,管
506,磅
507,陋
508,衔
509,勉
510,供
511,郊
512,茂
513,窜
514,枯
515,痴
516,费
517,诽
518,题
519,奈
520,昼
521,杖
522,址
523,审
524,咬
525,野
526,引
527,送
528,马
529,协
530,轰
531,渺
532,拘
533,惨
534,葱
535,农
536,太
537,苗
538,帕
539,蕴
540,微
541,残
542,谨
543,承
544,丁
545,尤
546,工
547,框
548,屯
549,落
550,驶
551,媒
552,疑
553,尔
554,葬
555,全
556,荣
557,完
558,钱
559,针
560,搜
561,夫
562,出
563,堵
564,序
565,蜂
566,淡
567,糟
568,酥
569,昔
570,吃
571,蔬
572,鼎
573,律
574,猎
575,爬
576,暴
577,含
578,阳
579,巢
580,嫦
581,触
582,藻
583,絮
584,着
585,洞
586,撞
587,都
588,年
589,髦
590,荫
591,污
592,蹦
593,牲
594,崩
595,芯
596,棉
597,皆
598,背
599,理
600,居
601,帐
602,炊
603,汽
604,甲
605,奠
606,讯
607,具
608,吁
609,台
610,挂
611,纳
612,井
613,贪
614,腔
615,叨
616,墟
617,乘
618,匙
619,再
620,棍
621,潭
622,泻
623,违
624,窒
625,肺
626,摸
627,如
628,硬
629,厌
630,仪
631,脖
632,土
633,其
634,手
635,盯
636,字
637,避
638,偶
639,姆
640,塘
641,晋
642,驾
643,耐
644,渊
645,沾
646,红
647,蛮
648,洽
649,殊
650,洁
651,阂
652,护
653,搅
654,垮
655,氏
656,路
657,视
658,颖
659,脂
660,情
661,秽
662,忘
663,函
664,尊
665,契
666,裸
667,遮
668,咖
669,凹
670,裁
671,殷
672,串
673,蘸
674,映
675,包
676,廊
677,胖
678,邪
679,众
680,哎
681,授
682,器
683,刨
684,捍
685,纸
686,宽
687,卉
688,互
689,婪
690,副
691,逻
692,已
693,舰
694,棺
695,应
696,脑
697,直
698,却
699,欲
700,奖
701,没
702,丐
703,转
704,表
705,忽
706,蒂
707,团
708,凤
709,姨
710,颁
711,毫
712,别
713,贫
714,塑
715,抄
716,迫
717,尝
718,召
719,旱
720,丢
721,愣
722,魄
723,顿
724,坡
725,色
726,卖
727,绩
728,驯
729,秒
730,佑
731,符
732,些
733,橡
734,雁
735,右
736,芝
737,倘
738,呐
739,投
740,眉
741,袜
742,嘉
743,莲
744,忧
745,凯
746,瓷
747,浑
748,赢
749,新
750,就
751,肯
752,苏
753,炭
754,倚
755,解
756,赁
757,卷
758,汤
759,绿
760,或
761,楚
762,段
763,候
764,奔
765,兽
766,说
767,讲
768,肆
769,梳
770,倔
771,媲
772,系
773,于
774,急
775,幕
776,帆
777,板
778,区
779,球
780,壶
781,辐
782,捞
783,穴
784,频
785,豫
786,枣
787,骄
788,较
789,玩
790,慧
791,姥
792,究
793,席
794,南
795,侮
796,力
797,咏
798,畜
799,散
800,馅
801,干
802,筹
803,们
804,菜
805,告
806,巨
807,煽
808,厢
809,纵
810,反
811,嫂
812,假
813,舅
814,贩
815,翅
816,怜
817,废
818,堤
819,鳄
820,憋
821,支
822,便
823,点
824,锋
825,俊
826,特
827,天
828,烂
829,弱
830,竭
831,郑
832,辖
833,霞
834,院
835,标
836,荧
837,喊
838,汉
839,格
840,蔽
841,脾
842,梯
843,数
844,闯
845,氧
846,譬
847,娇
848,压
849,惰
850,慑
851,琢
852,鉴
853,膊
854,萎
855,亿
856,档
857,茎
858,踢
859,辅
860,舱
861,翁
862,奶
863,悟
864,窃
865,斩
866,益
867,厉
868,戏
869,珠
870,岩
871,粪
872,班
873,恳
874,巴
875,枢
876,胀
877,债
878,矩
879,师
880,谈
881,卫
882,鞋
883,炉
884,来
885,危
886,戒
887,禅
888,屡
889,导
890,琴
891,讽
892,吧
893,逊
894,交
895,颜
896,算
897,跃
898,演
899,福
900,廓
901,弧
902,墨
903,唤
904,烦
905,云
906,赂
907,校
908,妻
909,替
910,豹
911,柬
912,孩
913,壁
914,子
915,骏
916,妥
917,抬
918,专
919,恶
920,浪
921,隙
922,肾
923,蚀
924,惭
925,喘
926,股
927,涕
928,窑
929,涂
930,聊
931,卧
932,叛
933,步
934,烫
935,鹏
936,挠
937,斤
938,幢
939,肚
940,领
941,吊
942,洪
943,咽
944,潜
945,窟
946,仰
947,棘
948,两
949,痪
950,夕
951,陨
952,涛
953,前
954,廉
955,姑
956,靶
957,矫
958,康
959,刁
960,伊
961,坐
962,铅
963,辜
964,否
965,退
966,熙
967,功
968,凶
969,熏
970,求
971,武
972,借
973,紧
974,钻
975,设
976,沿
977,朗
978,艇
979,弘
980,弛
981,岔
982,堡
983,棋
984,港
985,耗
986,争
987,沉
988,厦
989,申
990,窿
991,钦
992,颊
993,颠
994,夏
995,疆
996,周
997,盖
998,础
999,斜
1000,那
1001,猖
1002,弄
1003,露
1004,仍
1005,赫
1006,拼
1007,合
1008,碑
1009,明
1010,桃
1011,梅
1012,做
1013,姜
1014,严
1015,河
1016,绪
1017,亦
1018,怕
1019,闹
1020,逛
1021,匪
1022,圈
1023,鸽
1024,帮
1025,谷
1026,紫
1027,沃
1028,煲
1029,方
1030,怒
1031,联
1032,紊
1033,一
1034,学
1035,味
1036,输
1037,猛
1038,粒
1039,佳
1040,摇
1041,谊
1042,粮
1043,薪
1044,脸
1045,因
1046,烟
1047,某
1048,袭
1049,双
1050,句
1051,镶
1052,溢
1053,煎
1054,贼
1055,艾
1056,廷
1057,靠
1058,片
1059,栋
1060,耳
1061,伯
1062,挫
1063,张
1064,汇
1065,歹
1066,畏
1067,越
1068,缴
1069,程
1070,难
1071,唇
1072,闭
1073,斗
1074,藏
1075,趴
1076,奉
1077,篮
1078,呕
1079,杰
1080,卡
1081,号
1082,远
1083,船
1084,腹
1085,耸
1086,敲
1087,星
1088,踹
1089,议
1090,揣
1091,竞
1092,宴
1093,俩
1094,案
1095,矛
1096,燕
1097,殖
1098,倍
1099,览
1100,胎
1101,淹
1102,辰
1103,枉
1104,窝
1105,雷
1106,坛
1107,珍
1108,讥
1109,火
1110,妆
1111,睛
1112,展
1113,真
1114,哈
1115,怎
1116,嘱
1117,样
1118,且
1119,齿
1120,拌
1121,零
1122,咐
1123,盗
1124,淆
1125,羽
1126,翼
1127,话
1128,汗
1129,企
1130,谦
1131,何
1132,钓
1133,囚
1134,善
1135,筑
1136,钙
1137,棚
1138,钟
1139,络
1140,士
1141,逃
1142,夺
1143,今
1144,耽
1145,漾
1146,爷
1147,韧
1148,为
1149,郁
1150,刹
1151,像
1152,至
1153,袋
1154,砍
1155,拧
1156,腾
1157,共
1158,漂
1159,患
1160,盟
1161,膜
1162,享
1163,少
1164,仿
1165,拐
1166,醇
1167,赏
1168,积
1169,衡
1170,翔
1171,月
1172,俗
1173,讳
1174,脏
1175,害
1176,嫁
1177,鞠
1178,沐
1179,旁
1180,陪
1181,拟
1182,浆
1183,瓣
1184,胜
1185,批
1186,扎
1187,烘
1188,遣
1189,扯
1190,栖
1191,库
1192,午
1193,肢
1194,劫
1195,侧
1196,瞄
1197,恰
1198,考
1199,据
1200,瓦
1201,织
1202,跌
1203,恋
1204,富
1205,西
1206,蒙
1207,晓
1208,站
1209,舆
1210,渡
1211,餐
1212,章
1213,降
1214,架
1215,橙
1216,兄
1217,娶
1218,绰
1219,车
1220,绝
1221,遇
1222,宅
1223,截
1224,剩
1225,缤
1226,冶
1227,闸
1228,非
1229,足
1230,叼
1231,括
1232,饶
1233,翘
1234,列
1235,隘
1236,宝
1237,动
1238,迎
1239,畅
1240,震
1241,莹
1242,喇
1243,挎
1244,魔
1245,牌
1246,儿
1247,进
1248,五
1249,尸
1250,顽
1251,忍
1252,凭
1253,沟
1254,阻
1255,削
1256,畸
1257,伍
1258,骑
1259,崛
1260,界
1261,府
1262,抵
1263,倾
1264,悼
1265,遭
1266,陷
1267,望
1268,弯
1269,乔
1270,辱
1271,找
1272,绽
1273,敦
1274,克
1275,寒
1276,你
1277,主
1278,然
1279,递
1280,涝
1281,击
1282,饮
1283,抠
1284,勒
1285,鲜
1286,森
1287,炼
1288,冈
1289,英
1290,俭
1291,澜
1292,奸
1293,义
1294,菊
1295,破
1296,滨
1297,以
1298,幸
1299,池
1300,惕
1301,冰
1302,男
1303,泪
1304,牢
1305,睡
1306,撕
1307,坪
1308,笛
1309,涨
1310,胧
1311,顾
1312,料
1313,练
1314,顷
1315,趁
1316,敛
1317,杨
1318,愤
1319,跳
1320,伙
1321,丸
1322,兼
1323,裕
1324,从
1325,拒
1326,焊
1327,早
1328,兵
1329,门
1330,扬
1331,访
1332,俱
1333,奏
1334,户
1335,坑
1336,馋
1337,松
1338,忠
1339,提
1340,猩
1341,雅
1342,烁
1343,锡
1344,狈
1345,肩
1346,知
1347,昧
1348,常
1349,术
1350,接
1351,贿
1352,韵
1353,馒
1354,打
1355,锁
1356,垂
1357,恨
1358,定
1359,晃
1360,品
1361,烹
1362,低
1363,薄
1364,混
1365,有
1366,绎
1367,连
1368,参
1369,扇
1370,狡
1371,篇
1372,麦
1373,惹
1374,分
1375,最
1376,糊
1377,呆
1378,历
1379,岛
1380,甸
1381,帅
1382,隔
1383,保
1384,唬
1385,园
1386,勇
1387,泽
1388,宾
1389,沫
1390,衫
1391,了
1392,默
1393,昌
1394,贯
1395,秤
1396,丰
1397,之
1398,竟
1399,渠
1400,膛
1401,骚
1402,僧
1403,史
1404,株
1405,怯
1406,铜
1407,科
1408,胞
1409,揪
1410,往
1411,臊
1412,追
1413,会
1414,县
1415,艳
1416,赠
1417,净
1418,浇
1419,签
1420,删
1421,喂
1422,离
1423,岗
1424,禽
1425,垫
1426,熊
1427,中
1428,啦
1429,扭
1430,财
1431,虏
1432,草
1433,糙
1434,风
1435,叹
1436,赐
1437,妈
1438,淘
1439,旷
1440,雄
1441,瑰
1442,队
1443,龟
1444,圾
1445,执
1446,苦
1447,谁
1448,里
1449,雕
1450,挤
1451,妙
1452,猾
1453,孝
1454,岭
1455,盛
1456,续
1457,底
1458,嗦
1459,跪
1460,返
1461,酸
1462,斧
1463,问
1464,艰
1465,柄
1466,腻
1467,灸
1468,衰
1469,想
1470,卵
1471,敢
1472,头
1473,援
1474,嵌
1475,骂
1476,敬
1477,盹
1478,而
1479,剔
1480,毕
1481,内
1482,革
1483,峻
1484,塔
1485,冲
1486,税
1487,御
1488,董
1489,瘫
1490,溜
1491,孤
1492,吗
1493,呈
1494,抖
1495,端
1496,蒜
1497,偿
1498,俏
1499,寻
1500,糖
1501,根
1502,螺
1503,化
1504,举
1505,冠
1506,页
1507,烤
1508,衣
1509,桌
1510,小
1511,增
1512,生
1513,诧
1514,桶
1515,抒
1516,彰
1517,对
1518,帖
1519,孙
1520,祷
1521,坦
1522,繁
1523,凌
1524,注
1525,乙
1526,我
1527,谍
1528,禁
1529,诸
1530,盲
1531,攒
1532,浓
1533,万
1534,田
1535,妄
1536,额
1537,甘
1538,忆
1539,辛
1540,军
1541,评
1542,番
1543,霍
1544,赋
1545,抛
1546,脚
1547,觅
1548,柳
1549,论
1550,舶
1551,诉
1552,杂
1553,材
1554,愉
1555,余
1556,教
1557,欺
1558,病
1559,唯
1560,芽
1561,拣
1562,苍
1563,缆
1564,妨
1565,经
1566,秧
1567,舒
1568,冒
1569,厂
1570,还
1571,季
1572,芒
1573,威
1574,防
1575,房
1576,墙
1577,惦
1578,猜
1579,坟
1580,建
1581,诀
1582,梢
1583,犯
1584,愈
1585,巅
1586,剪
1587,踊
1588,昂
1589,旬
1590,嗓
1591,粘
1592,馈
1593,浏
1594,影
1595,让
1596,省
1597,强
1598,扫
1599,溶
1600,深
1601,荡
1602,习
1603,夹
1604,灌
1605,兑
1606,浅
1607,楷
1608,摄
1609,六
1610,辞
1611,查
1612,耻
1613,损
1614,饥
1615,目
1616,叭
1617,图
1618,训
1619,香
1620,滤
1621,体
1622,入
1623,汪
1624,祖
1625,匹
1626,惫
1627,浴
1628,穷
1629,租
1630,跨
1631,录
1632,鲁
1633,撼
1634,锅
1635,蹬
1636,肿
1637,景
1638,镜
1639,雾
1640,伟
1641,素
1642,豪
1643,恐
1644,稽
1645,短
1646,哭
1647,塞
1648,萝
1649,证
1650,确
1651,阎
1652,侦
1653,七
1654,棱
1655,杯
1656,勃
1657,乏
1658,镑
1659,哆
1660,恍
1661,魁
1662,预
1663,潦
1664,歼
1665,惜
1666,癌
1667,衬
1668,每
1669,硕
1670,桩
1671,环
1672,葡
1673,漆
1674,啃
1675,沽
1676,婴
1677,未
1678,浩
1679,狠
1680,宜
1681,溅
1682,陵
1683,萄
1684,鱼
1685,辣
1686,油
1687,聋
1688,壤
1689,署
1690,订
1691,嗅
1692,遏
1693,浊
1694,喉
1695,瑞
1696,占
1697,晕
1698,腥
1699,坝
1700,氛
1701,奋
1702,须
1703,探
1704,信
1705,易
1706,骗
1707,勾
1708,隆
1709,辈
1710,民
1711,哪
1712,埋
1713,鞭
1714,己
1715,歧
1716,墓
1717,喜
1718,纷
1719,燥
1720,湖
1721,整
1722,备
1723,挡
1724,焕
1725,效
1726,栓
1727,怀
1728,疾
1729,慕
1730,母
1731,树
1732,银
1733,淋
1734,泰
1735,阁
1736,蓄
1737,典
1738,洒
1739,地
1740,姻
1741,掰
1742,养
1743,逮
1744,超
1745,匠
1746,稚
1747,它
1748,锦
1749,秩
1750,家
1751,辙
1752,现
1753,傲
1754,吉
1755,厄
1756,满
1757,照
1758,达
1759,弦
1760,狂
1761,与
1762,曙
1763,单
1764,软
1765,瞩
1766,宣
1767,娱
1768,跟
1769,仆
1770,也
1771,罢
1772,伤
1773,堂
1774,械
1775,途
1776,回
1777,迟
1778,睬
1779,疫
1780,近
1781,博
1782,丧
1783,拳
1784,挣
1785,寺
1786,修
1787,塌
1788,氓
1789,赴
1790,岸
1791,逢
1792,贸
1793,遛
1794,兔
1795,翻
1796,喷
1797,荆
1798,懒
1799,昏
1800,庸
1801,研
1802,春
1803,国
1804,蜜
1805,利
1806,业
1807,花
1808,伞
1809,醒
1810,泼
1811,割
1812,秀
1813,呀
1814,壳
1815,娥
1816,掺
1817,酬
1818,二
1819,滞
1820,爵
1821,潇
1822,市
1823,痒
1824,毁
1825,玫
1826,饼
1827,舔
1828,掩
1829,者
1830,衷
1831,窥
1832,质
1833,醉
1834,获
1835,仁
1836,首
1837,俯
1838,粹
1839,槽
1840,胶
1841,焰
1842,恭
1843,柔
1844,碗
1845,向
1846,颇
1847,劣
1848,抹
1849,牺
1850,异
1851,寥
1852,寿
1853,沏
1854,谜
1855,司
1856,佐
1857,漫
1858,友
1859,他
1860,走
1861,肥
1862,恤
1863,侨
1864,舵
1865,擦
1866,逾
1867,艺
1868,酱
1869,溪
1870,助
1871,范
1872,肉
1873,侈
1874,笑
1875,驭
1876,杠
1877,辩
1878,机
1879,条
1880,拥
1881,款
1882,擅
1883,甜
1884,窗
1885,好
1886,讶
1887,泣
1888,朝
1889,岳
1890,肪
1891,扳
1892,床
1893,凸
1894,京
1895,躬
1896,梨
1897,昨
1898,宫
1899,奢
1900,寡
1901,谎
1902,魅
1903,赖
1904,上
1905,幻
1906,臂
1907,报
1908,钞
1909,寂
1910,式
1911,终
1912,择
1913,罐
1914,涡
1915,海
1916,既
1917,胸
1918,稠
1919,附
1920,拜
1921,并
1922,哦
1923,形
1924,涌
1925,细
1926,俄
1927,药
1928,商
1929,跤
1930,迪
1931,剑
1932,示
1933,恒
1934,飘
1935,姿
1936,块
1937,捡
1938,怡
1939,哼
1940,显
1941,懂
1942,著
1943,竣
1944,讼
1945,焚
1946,介
1947,庄
1948,臭
1949,活
1950,膀
1951,拦
1952,搓
1953,鸣
1954,罚
1955,垒
1956,嘿
1957,错
1958,炸
1959,撬
1960,衍
1961,带
1962,扁
1963,崖
1964,疼
1965,静
1966,托
1967,妹
1968,颤
1969,初
1970,移
1971,贾
1972,凄
1973,美
1974,捣
1975,嫉
1976,寓
1977,左
1978,必
1979,巡
1980,劝
1981,态
1982,诗
1983,猴
1984,立
1985,杀
1986,乳
1987,绅
1988,诺
1989,空
1990,涉
1991,插
1992,征
1993,卒
1994,疲
1995,津
1996,巾
1997,补
1998,敌
1999,雇
2000,十
2001,刀
2002,捎
2003,代
2004,僚
2005,鸦
2006,丽
2007,宙
2008,馆
2009,刚
2010,窍
2011,君
2012,刑
2013,曰
2014,屋
2015,橘
2016,古
2017,佛
2018,戚
2019,躁
2020,淀
2021,象
2022,抡
2023,件
2024,街
2025,罪
2026,线
2027,铺
2028,哲
2029,迅
2030,掀
2031,沛
2032,羊
2033,刺
2034,凉
2035,私
2036,木
2037,酷
2038,久
2039,炫
2040,啊
2041,眨
2042,乞
2043,运
2044,除
2045,诞
2046,捉
2047,柜
2048,铲
2049,独
2050,哥
2051,可
2052,及
2053,道
2054,躯
2055,哨
2056,瘤
2057,募
2058,甚
2059,烈
2060,祈
2061,矮
2062,优
2063,镇
2064,迄
2065,牛
2066,剖
2067,本
2068,型
2069,焦
2070,拾
2071,差
2072,济
2073,湿
2074,光
2075,浮
2076,绣
2077,域
2078,白
2079,若
2080,僵
2081,黎
2082,泛
2083,比
2084,皱
2085,腊
2086,使
2087,思
2088,谐
2089,肃
2090,维
2091,匀
2092,密
2093,恢
2094,券
2095,血
2096,孵
2097,趋
2098,痛
2099,谓
2100,呢
2101,虎
2102,纤
2103,碧
2104,验
2105,貌
2106,泡
2107,绷
2108,卓
2109,盏
2110,凿
2111,煤
2112,贤
2113,是
2114,该
2115,碟
2116,涯
2117,波
2118,政
2119,划
2120,祝
2121,椰
2122,灰
2123,朴
2124,督
2125,莽
2126,印
2127,妇
2128,液
2129,自
2130,挪
2131,选
2132,贴
2133,垦
2134,叉
2135,煌
2136,亡
2137,狼
2138,植
2139,待
2140,扒
2141,什
2142,嬉
2143,罗
2144,德
2145,搂
2146,您
2147,日
2148,搞
2149,她
2150,厚
2151,要
2152,惠
2153,穆
2154,滋
2155,囱
2156,秘
2157,蠢
2158,乡
2159,屉
2160,伸
2161,拙
2162,渐
2163,盼
2164,绑
2165,兹
2166,曾
2167,涵
2168,闻
2169,仔
2170,复
2171,飙
2172,拢
2173,伦
2174,淌
2175,受
2176,谢
2177,驻
2178,眼
2179,摩
2180,轿
2181,剥
2182,洗
2183,夸
2184,只
2185,牙
2186,华
2187,声
2188,缩
2189,恩
2190,试
2191,碍
2192,慷
2193,腿
2194,嗜
2195,呵
2196,拿
2197,纯
2198,官
2199,巷
2200,幼
2201,措
2202,暗
2203,抚
2204,溃
2205,吼
2206,唱
2207,场
2208,抢
2209,哇
2210,魂
2211,颓
2212,勿
2213,时
2214,黏
2215,节
2216,萌
2217,洋
2218,阴
2219,鹿
2220,延
2221,磨
2222,阐
2223,芳
2224,销
2225,付
2226,楼
2227,励
2228,幽
2229,徊
2230,唉
2231,聘
2232,伴
2233,疗
2234,哀
2235,适
2236,归
2237,弈
2238,绸
2239,音
2240,限
2241,傍
2242,斑
2243,辫
2244,逼
2245,芭
2246,敞
2247,沸
2248,僻
2249,良
2250,稀
2251,透
2252,攻
2253,关
2254,瞪
2255,需
2256,哗
2257,释
2258,斯
2259,筒
2260,先
2261,顺
2262,险
2263,操
2264,亚
2265,尴
2266,囊
2267,拎
2268,徽
2269,拴
2270,磕
2271,基
2272,拆
2273,编
2274,悲
2275,详
2276,技
2277,宠
2278,蚊
2279,鼓
2280,缚
2281,温
2282,拄
2283,悄
2284,唠
2285,各
2286,逸
2287,贡
2288,苹
2289,搭
2290,旋
2291,撇
2292,宏
2293,腰
2294,剂
2295,汛
2296,砖
2297,封
2298,捷
2299,冤
2300,颗
2301,售
2302,泥
2303,厘
2304,溯
2305,尚
2306,央
2307,蕾
2308,染
2309,砸
2310,种
2311,墅
2312,纲
2313,逐
2314,晶
2315,更
2316,悦
2317,偏
2318,惩
2319,索
2320,在
2321,卜
2322,纹
2323,身
2324,咧
2325,滑
2326,桨
2327,治
2328,搀
2329,边
2330,灾
2331,败
2332,缠
2333,旺
2334,围
2335,矣
2336,挨
2337,矢
2338,读
2339,膳
2340,缺
2341,捶
2342,寨
2343,嗽
2344,芦
2345,馨
2346,抱
2347,呛
2348,霉
2349,采
2350,皇
2351,裤
2352,促
2353,蛇
2354,祭
2355,贬
2356,到
2357,吓
2358,摘
2359,烛
2360,拯
2361,丑
2362,不
2363,燃
2364,澄
2365,碌
2366,劳
2367,踩
2368,阀
2369,慈
2370,堆
2371,灯
2372,掐
2373,霸
2374,侣
2375,林
2376,给
2377,栽
2378,丝
2379,谣
2380,浸
2381,嘴
2382,枕
2383,勤
2384,尼
2385,鼠
2386,赔
2387,充
2388,石
2389,卤
2390,竹
2391,裙
2392,阶
2393,速
2394,馁
2395,误
2396,蓬
2397,宁
2398,码
2399,休
2400,始
2401,瓜
2402,女
2403,析
2404,豁
2405,壮
2406,朵
2407,谅
2408,招
2409,讨
2410,麻
2411,致
2412,祀
2413,账
2414,振
2415,朱
2416,把
2417,沼
2418,磁
2419,外
2420,捧
2421,票
2422,睦
2423,亮
2424,榨
2425,旅
2426,屹
2427,爹
2428,菇
2429,绒
2430,厨
2431,晨
2432,述
2433,雀
2434,模
2435,所
2436,锯
2437,弃
2438,东
2439,赃
2440,暑
2441,饵
2442,飞
2443,戴
2444,岁
2445,留
2446,均
2447,秋
2448,忌
2449,令
2450,竖
2451,局
2452,眠
2453,悉
2454,秉
2455,萧
2456,负
2457,祥
2458,策
2459,蜡
2460,贺
2461,冗
2462,名
2463,曝
2464,锈
2465,纺
2466,乌
2467,侵
2468,堪
2469,培
2470,夜
2471,婚
2472,炬
2473,百
2474,拉
2475,乱
2476,涮
2477,掉
2478,叮
2479,航
2480,遗
2481,住
2482,欣
2483,朦
2484,舍
2485,犬
2486,大
2487,性
2488,才
2489,长
2490,猪
2491,行
2492,靴
2493,事
2494,芬
2495,煮
2496,改
2497,诈
2498,晤
2499,捐
2500,尘
2501,耕
2502,肇
2503,枝
2504,隧
2505,茫
2506,驮
2507,坚
2508,腐
2509,桑
2510,渣
2511,尺
2512,虔
2513,睹
2514,值
2515,悬
2516,艘
2517,调
2518,诫
2519,迷
2520,汰
2521,许
2522,弹
2523,丛
2524,乃
2525,袍
2526,配
2527,务
2528,坏
2529,制
2530,源
2531,决
2532,趟
2533,永
2534,颈
2535,此
2536,咸
2537,度
2538,娘
2539,吻
2540,驰
2541,侃
2542,砂
2543,佩
2544,吐
2545,粥
2546,慨
2547,总
2548,群
2549,持
2550,玉
2551,添
2552,敷
2553,仓
2554,间
2555,泳
2556,折
2557,宗
2558,歪
2559,山
2560,瞅
2561,畔
2562,龙
2563,匆
2564,检
2565,判
2566,捆
2567,棵
2568,啤
2569,聚
2570,菌
2571,噪
2572,笔
2573,滚
2574,通
2575,变
2576,王
2577,婿
2578,盘
2579,拖
2580,仅
2581,瘾
2582,涤
2583,媚
2584,贝
2585,醋
2586,族
2587,辟
2588,辑
2589,嫌
2590,绍
2591,讹
2592,筋
2593,准
2594,乎
2595,缀
2596,枚
2597,竿
2598,钢
2599,乖
2600,邀
2601,成
2602,兢
2603,矿
2604,哄
2605,槐
2606,邦
2607,乓
2608,泊
2609,莫
2610,距
2611,放
2612,广
2613,课
2614,彩
2615,束
2616,精
2617,店
2618,购
2619,钩
2620,挟
2621,障
2622,柴
2623,轨
2624,换
2625,酌
2626,誓
2627,秃
2628,熬
2629,停
2630,正
2631,阱
2632,彻
2633,傻
2634,价
2635,盈
2636,叶
2637,鼻
2638,川
2639,李
2640,词
2641,率
2642,拓
2643,吵
2644,仗
2645,爱
2646,卑
2647,相
2648,装
2649,贞
2650,骨
2651,暂
2652,战
2653,次
2654,爆
2655,栏
2656,黑
2657,崇
2658,耍
2659,啡
2660,开
2661,服
2662,礁
2663,断
2664,晒
2665,瓶
2666,辉
2667,下
2668,谋
2669,驱
2670,梁
2671,重
2672,控
2673,册
2674,登
2675,撒
2676,峡
2677,牧
2678,容
2679,狮
2680,陶
2681,挺
2682,揍
2683,纠
2684,的
2685,诵
2686,个
2687,桥
2688,瘦
2689,漠
2690,传
2691,闪
2692,摊
2693,磊
2694,热
2695,怠
2696,橱
2697,按
2698,瞒
2699,角
2700,贱
2701,汹
2702,绞
2703,剧
2704,奥
2705,挥
2706,姐
2707,响
2708,抗
2709,炖
2710,抓
2711,北
2712,粗
2713,鹰
2714,普
2715,绘
2716,奇
2717,刊
2718,撑
2719,伏
2720,胚
2721,喧
2722,童
2723,彼
2724,胁
2725,赌
2726,同
2727,缓
2728,项
2729,踪
2730,瀑
2731,嚷
2732,息
2733,揉
2734,歇
2735,捂
2736,耿
2737,吭
2738,渔
2739,智
2740,恕
2741,旧
2742,兆
2743,铃
2744,循
2745,脉
2746,庙
2747,游
2748,后
2749,捅
2750,酿
2751,施
2752,轻
2753,俘
2754,安
2755,伺
2756,村
2757,轮
2758,闷
2759,巩
2760,规
2761,陆
2762,依
2763,扮
2764,丹
2765,推
2766,清
2767,履
2768,殴
2769,监
2770,椒
2771,殿
2772,吸
2773,卸
2774,霜
2775,祸
2776,纪
2777,攘
2778,起
2779,胳
2780,媳
2781,宪
2782,呼
2783,宵
2784,谬
2785,灿
2786,娃
2787,冬
2788,尾
2789,庭
2790,拨
2791,迁
2792,皂
2793,覆
2794,症
2795,奴
2796,口
2797,版
2798,倒
2799,酣
2800,集
2801,忙
2802,侠
2803,酝
2804,赚
2805,吞
2806,迈
2807,扔
2808,陈
2809,储
2810,造
2811,厅
2812,脆
2813,凰
2814,届
2815,罩
2816,纱
2817,蔼
2818,箭
2819,激
2820,慢
2821,原
2822,踏
2823,诱
2824,钳
2825,等
2826,赎
2827,加
2828,绳
2829,炮
2830,罕
2831,则
2832,胃
2833,黄
2834,能
2835,饺
2836,碰
2837,类
2838,统
2839,寝
2840,拔
2841,末
2842,爽
2843,萍
2844,愧
2845,寄
2846,狗
2847,疯
2848,沙
2849,画
2850,置
2851,座
2852,柱
2853,刻
2854,和
2855,嚼
2856,创
2857,纽
2858,钥
2859,实
2860,测
2861,蕉
2862,剃
2863,匿
2864,袱
2865,缅
2866,齐
2867,缕
2868,蛋
2869,悠
2870,饲
2871,结
2872,挑
2873,篷
2874,悔
2875,毒
2876,辽
2877,阅
2878,兴
2879,叫
2880,健
2881,妖
2882,狭
2883,办
2884,携
2885,箱
2886,元
2887,尬
2888,懈
2889,用
2890,筐
2891,惑
2892,青
2893,吩
2894,跑
2895,泄
2896,困
2897,糕
2898,幅
2899,舞
2900,掠
2901,掏
2902,恼
2903,写
2904,捏
2905,蒸
2906,冷
2907,荐
2908,刷
2909,敏
2910,践
2911,蹭
2912,溉
2913,蘑
2914,社
2915,量
2916,脱
2917,庆
2918,嫩
2919,货
2920,炎
2921,舌
2922,撰
2923,遍
2924,被
2925,将
2926,扰
2927,文
2928,射
2929,驳
2930,升
2931,摔
2932,绯
2933,咳
2934,袖
2935,雪
2936,叠
2937,势
2938,逝
2939,层
2940,即
2941,圆
2942,发
2943,萨
2944,窘
2945,滴
2946,抨
2947,故
2948,喝
2949,极
2950,旨
2951,阔
2952,荒
2953,希
2954,扶
2955,筝
2956,碳
2957,缔
2958,听
2959,挽
2960,贮
2961,随
2962,另
2963,指
2964,估
2965,食
2966,撤
2967,茅
2968,过
2969,榜
2970,苛
